"url","typeerreur"
"url","error_connection"
"https://www.musee-ceramique.puy-de-dome.fr/le-musee.html","error_connection"
"https://www.beaux-arts.dijon.fr/","error_connection"
"https://www.archeologie.dijon.fr/","error_connection"
"https://www.ville-vierzon.fr/musee.html","error_connection"
"https://www.archeochampagne.epernay.fr/","error_connection"
"https://www.musees.lot.fr/node/136","error_connection"
"https://www.maam.angouleme.fr/","error_connection"
"https://www.museedunouveaumonde.larochelle.fr/","error_connection"
"https://www.musees.marseille.fr/musee-cantini-0","error_connection"
"https://www.inguimbertine.carpentras.fr/","error_connection"
"https://www.musees.le-gresivaudan.fr/musee-dallevard-2/","error_connection"
"https://culture.paysvoironnais.com/equipements-culturels/le-musee-mainssieux/https://www.musee.ville-boulogne-sur-mer.fr/","error_connection (faire depth=1)"
"https://www.museum.larochelle.fr/","error_connection"
"https://www.musees.isere.fr/musee/musee-champollion","error_connection"
"https://www.musee.paysan.free.fr/","error_connection"
"https://www.musees.allier.fr/410-presentation.htm","error_connection"
"https://www.musee-breton.finistere.fr/fr/","error_connection"
"https://www.haute-corse.fr/site/index.php?page=musee-pascal-paoli","error_connection"
"https://www.albert-kahn.hauts-de-seine.fr/","error_connection"
"https://www.museedebry.fr/#/page-musee/fr","error_connection"
"https://www.musee.metzmetropole.fr/","error_connection"
"https://www.pba.lille.fr/","error_connection"
"https://www.villefranchederouergue.fr/spip.php?rubrique75","error_connection"
"https://www.patrimoine.chateaugontier.fr/","error_connection"
"https://www.mairie-doullens.fr/zone1/pageLibre00010098.html","error_connection"
"https://www.musees.marseille.fr/cabinet-des-monnaies-et-medailles","error_connection"
"https://www.musees.isere.fr/musee/musee-de-la-resistance-et-de-la-deportation-de-lisere","error_connection"
"https://www.musees.belfort.fr","error_connection"
"https://www.museeguimet.fr","error_connection"
"https://www.musees.marseille.fr/museum-dhistoire-naturelle-mhnm-0","error_connection"
"https://www.musees.aurillac.fr/","error_connection"
"https://www.museum.nantesmetropole.fr/","error_connection"
"https://www.museum.var.fr/ws/home/app/collection/expo","error_connection"
"https://www.musees.ouestrhodanien.fr/ecomusee-du-haut-beaujolais.html","error_connection"
"https://www.cap.agglo-tulle.fr/","error_connection"
"https://www.museedugrandsiecle.hauts-de-seine.fr","error_connection"
"https://www.musee.ville-pontlabbe.bzh/","error_connection"
"https://www.mba.rennes.fr","error_connection"
"https://www.musee.lorient.bzh/","error_connection"
"https://www.museeaubertmaule.free.fr/","error_connection"
"https://www.museefabre.montpellier3m.fr/","error_connection"
"https://www.chateauluneville.meurthe-et-moselle.fr/","error_connection"
"https://www.museeportuaire.com/","error_connection"
"https://www.valenciennesmusee.valenciennes.fr/","error_connection"
"https://www.bergues-musee.fr/","error_connection"
"https://www.musees.angers.fr/les-lieux/musee-pince/index.html","error_connection"
"https://www.maam.angouleme.fr/musee-du-papier/","error_connection"
"https://www.museedesmerveilles.departement06.fr/musee-des-merveilles-13336.html","error_connection"
"https://www.musees.marseille.fr/musee-darts-africains-oceaniens-amerindiens-maaoa","error_connection"
"https://www.musee.paullafran.free.fr/","error_connection"
"https://www.petit-palais.org/","error_connection"
"https://www.musees.isere.fr/musee/musee-archeologique-saint-laurent","error_connection"
"https://www.musees.marseille.fr/chateau-borely-musee-des-arts-decoratifs-de-la-faience-et-de-la-mode","error_connection"
"https://www.musees.marseille.fr/musee-des-docks-romains-0","error_connection"
"https://www.musees.marseille.fr/musee-dhistoire-de-marseille-mhm","error_connection"
"https://www.academie.sup.fr/","error_connection"
"https://www.musees.marseille.fr/musee-dart-contemporain-mac","error_connection"
"https://www.musees.ouestrhodanien.fr/musee-barthelemy-thimonnier.html","error_connection"
"https://www.musee-site.rhone.fr/","error_connection"
"https://www.musees.isere.fr/musee/domaine-de-vizille-musee-de-la-revolution-francaise","error_connection"
"https://www.vie-bourguignonne.dijon.fr/","error_connection"
"https://www.culture.nevers.fr/musee/","error_connection"
"https://www.rochedesolutre.com/musee-de-prehistoire/","error_connection"
"https://www.musee.bastia.corsica/fr/accueil-885.html","error_connection"
"https://www.musees.haute-saone.fr/chateau-lambert/","error_connection"
"https://www.musees.belfort.fr/musee-s-961.html","error_connection"
"https://www.musees.ville-poissy.fr/fr/histoire-de-la-collection","error_connection"
"https://www.musee-des-beaux-arts.nancy.fr/accueil-145.html","error_connection"
"https://www.chateaudemauvezin.com/","error_connection"
"https://www.mhc.lille.fr","error_connection"
"https://www.mba.caen.fr/","error_connection"
"https://www.musee-de-normandie.caen.fr/","error_connection"
"https://www.hwww.officedelaculture-chaumont-en-vexin.fr/musee-pillon.html","error_connection"
"https://www.hwww.abbeville.fr/loisirs/musee-boucher-de-perthes.html","error_connection"
"https://www.thouarsetmoi.fr/ville-dhistoire/patrimoine-et-musee/","error_connection"
"https://www.musees.isere.fr/musee/musee-hebert","error_connection"
"https://www.musees.marseille.fr/musee-darcheologie-mediterraneenne-mam","error_connection"
"https://www.musees.isere.fr/musee/musee-dauphinois","error_connection"
"https://www.museeduchapeau.com/","error_connection"
"https://www.parc-explor.com/","error_connection"
"https://www.musee-dentelle.caudry.fr/fr/le-musee-et-ses-collections/presentation-du-musee.html","error_connection"
"https://www.museegeorgesand.fr","error_connection"
"https://www.haute-corse.fr/site/index.php?page=musee-archeologie-aleria","error_connection"
"https://www.corsedusud.fr/nos-competences/patrimoine-et-culture/musee-departemental-de-laltarocca/","error_connection"
"https://www.domaine-de-sceaux.hauts-de-seine.fr/","error_connection"
"https://www.musee.meudon.fr/","error_connection"
"https://www.musees-departementaux.tarn.fr/index.php?id=textile-presentation","error_connection"
"https://www.musees.lot.fr/ecomus%C3%A9e-de-cuzals","error_connection"
"https://www.museedesbeauxarts.larochelle.fr/","error_connection"
"https://www.collections-musee.hautes-alpes.fr/","error_connection"
"https://www.musees.isere.fr/musee/musee-hector-berlioz","error_connection"
"https://www.maa.departement06.fr/musee-des-arts-asiatiques-13422.html","error_connection"
"https://www.musees.marseille.fr/musee-des-beaux-arts-mba","error_connection"
"https://www.musees.marseille.fr/musee-grobet-labadie-mgl-0","error_connection"
"https://www.culture.dracenie.com/musee-des-arts-et-traditions-populaires/","error_connection"
"https://www.hieres-sur-amby.org/index.php?menu=2&ssmenu=51&type=4","error_connection"
"https://www.mhn.lille.fr/","error_connection"
